campaign_name,before_daily_gmv,during_daily_gmv,gmv_lift_pct,incremental_gmv,budget,incremental_roas
Spring Refresh,3018.5319999999997,4666.388666666667,0.5459132673321558,24717.850000000006,15000,1.647856666666667
Mid-Year Sale,4370.20875,4312.5075,-0.013203316660788778,0.0,26000,0.0
Back to Routine,3876.336428571429,4960.7871428571425,0.2797617632702156,15182.309999999987,12000,1.2651924999999988
Holiday Mega Sale,5806.950000000001,5944.714375,0.023724050491221504,2204.2299999999814,42000,0.052481666666666225
