category_name,h1_gmv,h2_gmv,h2_vs_h1_growth_pct
Sports,68755.01999999999,87745.68,0.27620761364042945
Fashion,108838.12,135800.75,0.2477314933407524
Home & Living,87326.22,107969.33,0.23639074266583404
Electronics,342384.19,418760.38,0.22307160269286963
Food & Beverage,20093.62,24360.01,0.2123256038483856
Beauty,46742.86,54405.88,0.16393990440465123
